Customer;Age;Gender;Own Home;Married;Close;Salary;Children;Previous Customer;Previous Spent;Catalogs;Amount Spent;Log(Amount Spent)
1;73;0;0;0;1;16.4;1;1;246;12;218;5.384495063
2;22;0;1;1;0;108.1;3;1;1.622;18;2.632;0.967744013
3;51;1;1;1;1;97.3;1;0;0;12;3.048;1.114485638
4;48;1;1;1;1;26.8;0;1;536;12;435;6.075346031
5;57;1;0;0;1;11.2;0;0;0;6;106;4.663439094
6;29;0;0;0;1;42.8;0;1;856;12;759;6.632001777
7;33;0;0;0;1;34.7;0;0;0;18;1.615;0.479334957
8;55;0;1;1;0;80;0;1;2.4;6;1.985;0.685618914
9;62;1;1;0;1;60.3;0;0;0;24;2.091;0.73764242
10;37;1;1;1;0;62.3;0;1;1.869;24;2.644;0.972292922
11;63;1;0;1;1;94.2;1;1;1.413;18;1.211;0.191446465
12;31;1;1;1;0;73.8;0;1;2.214;24;3.12;1.137833002
13;34;1;1;0;1;45.9;2;1;459;12;416;6.03068526
14;45;1;0;0;0;52.6;1;0;0;18;1.773;0.572673027
15;53;0;1;1;1;82.2;1;0;0;12;1.517;0.4167347
16;49;0;1;1;1;76.7;2;1;767;6;534;6.280395839
17;55;0;1;1;1;79.4;3;1;397;6;200;5.298317367
18;49;1;1;1;1;66.9;0;1;1.338;12;1.22;0.198850859
19;43;0;0;0;1;12.4;1;0;0;12;229;5.433722004
20;23;1;0;1;1;52.6;1;1;789;12;1.052;0.050693114
21;27;0;1;0;0;28.3;0;1;849;24;933;6.838405201
22;69;1;1;0;0;53.9;0;0;0;12;1.186;0.170586301
23;42;0;0;0;1;28.9;0;1;578;12;830;6.721425701
24;71;0;0;0;1;15.9;0;0;0;18;406;6.00635316
25;30;1;0;0;1;50.7;3;1;254;6;157;5.056245805
26;43;1;0;0;0;17.8;1;0;0;18;589;6.378426184
27;24;0;1;0;1;51.3;0;1;1.026;24;1.424;0.353469813
28;32;0;1;1;1;74.4;0;1;1.488;18;2.479;0.907855253
29;76;0;1;1;1;88.2;0;0;0;24;2.749;1.011237209
30;38;1;1;1;0;79;1;1;1.975;18;2.279;0.82373675
31;32;0;1;0;0;55.2;0;1;1.656;18;1.714;0.53882982
32;41;1;1;1;1;95.8;3;1;479;12;678;6.519147288
33;38;0;0;0;0;13.7;2;0;0;24;414;6.025865974
34;29;0;1;0;1;41.3;1;0;0;18;932;6.837332815
35;53;1;1;0;0;65.4;1;1;1.635;12;2.29;0.828551818
36;47;0;1;0;0;29.6;3;0;0;12;774;6.651571874
37;28;1;0;1;1;49.8;0;1;996;12;827;6.717804695
38;22;1;1;0;1;73.7;1;1;1.106;12;1.274;0.242161557
39;36;0;1;0;1;39.9;0;0;0;6;619;6.428105273
40;68;0;0;1;1;36.6;0;1;732;6;833;6.725033642
41;26;1;1;1;1;51.2;0;1;1.024;12;1.293;0.2569651
42;65;1;1;0;1;59.4;0;1;1.188;18;1.699;0.530039843
43;56;1;1;1;1;107.3;2;1;1.073;18;1.566;0.448524598
44;44;1;1;1;0;90.7;3;1;1.361;24;2.265;0.817574759
45;32;1;1;1;0;74.4;0;1;2.232;6;1.893;0.638162872
46;41;1;1;1;0;15.4;0;1;462;6;297;5.693732139
47;74;0;0;1;1;60.1;0;0;0;18;1.594;0.46624658
48;27;0;1;1;1;81.7;3;1;409;24;879;6.778784898
49;35;0;1;0;1;36.1;0;1;722;12;438;6.08221891
50;59;0;0;0;1;47;0;0;0;6;963;6.870053412
51;51;0;0;0;1;28.2;1;1;423;6;224;5.411646052
52;52;1;1;0;1;56.7;2;1;567;18;536;6.284134161
53;55;0;0;0;0;12.6;0;1;378;6;241;5.484796933
54;28;0;1;1;1;21.5;0;1;430;18;445;6.098074282
55;67;1;1;1;0;96.8;2;1;1.936;18;2.299;0.832474246
56;55;0;1;0;0;22;0;1;660;12;736;6.601230119
57;60;1;1;0;1;57.6;1;0;0;6;1.006;0.005982072
58;34;1;1;0;1;65.3;0;1;1.306;18;1.443;0.36672428
59;75;0;1;1;1;63.3;2;1;633;24;679;6.520621128
60;43;0;0;1;1;38.2;0;1;764;6;526;6.265301213
61;75;0;0;0;1;11;2;0;0;18;393;5.973809612
62;24;0;1;0;0;24;1;1;600;6;357;5.877735782
63;74;0;1;0;1;47.6;1;1;714;12;801;6.685860947
64;36;1;1;1;1;87;0;1;1.74;24;1.594;0.46624658
65;52;1;0;1;1;117.7;1;1;1.766;12;2.104;0.743840295
66;53;0;0;1;0;30.1;0;1;903;12;530;6.272877007
67;30;0;1;0;1;12.8;0;0;0;12;230;5.438079309
68;68;1;1;0;1;63.2;0;1;1.264;24;1.932;0.658555736
69;37;1;0;1;0;41.6;0;1;1.248;24;1.69;0.524728529
70;27;1;1;1;0;75.5;0;0;0;18;2.45;0.896088025
71;44;0;1;1;1;74.9;0;1;1.498;12;1.474;0.387979794
72;58;1;0;1;0;72.2;3;1;1.083;18;1.811;0.593879179
73;50;0;0;1;1;36.5;1;0;0;18;747;6.616065185
74;28;0;0;1;1;73;1;1;1.095;6;490;6.194405391
75;41;0;0;0;0;15.1;0;1;453;6;348;5.85220248
76;59;0;0;0;0;19.8;1;1;495;24;991;6.898714534
77;21;1;1;0;1;64;3;1;320;12;410;6.01615716
78;53;0;0;1;1;79.4;0;0;0;6;1.175;0.161268148
79;30;0;1;1;1;82;0;1;1.64;18;1.8;0.587786665
80;55;0;0;1;1;63.5;1;1;953;18;1.023;0.022739487
81;40;0;1;1;1;118;3;1;590;12;581;6.364750757
82;74;0;0;0;1;13.3;1;0;0;6;236;5.463831805
83;24;1;0;0;0;45.1;1;1;1.128;12;794;6.677083461
84;56;1;1;1;1;45.9;0;1;918;24;1.645;0.497740384
85;70;0;1;0;1;43.9;2;1;439;6;358;5.880532986
86;40;0;1;1;0;110;0;1;3.3;24;5.564;1.716317274
87;69;1;0;0;1;63;0;1;1.26;24;1.91;0.647103242
88;47;1;0;0;1;61.8;0;1;1.236;24;1.156;0.14496577
89;55;0;0;1;1;53.3;0;1;1.066;24;1.598;0.468752847
90;37;0;0;1;1;42;3;1;210;6;105;4.65396035
91;29;0;1;0;1;25.9;2;0;0;12;449;6.107022888
92;29;1;0;1;0;20.2;1;1;505;24;500;6.214608098
93;23;0;0;0;1;46.6;0;0;0;12;546;6.302618976
94;37;1;0;0;1;18.7;0;1;374;12;289;5.666426688
95;29;1;1;0;1;45.7;0;1;914;18;724;6.584791392
96;69;0;1;0;1;32.6;3;1;163;12;172;5.147494477
97;27;1;1;1;1;96.1;0;1;1.922;6;1.588;0.462475363
98;51;0;0;0;0;14.4;1;1;360;6;390;5.966146739
99;25;1;0;0;1;54.2;0;0;0;18;1.405;0.340037303
100;35;0;1;1;0;80.6;0;1;2.418;24;2.84;1.043804052
101;46;0;1;1;1;48.9;3;0;0;18;915;6.818924065
102;51;0;1;0;1;30.3;0;1;606;18;1.062;0.060153923
103;57;1;1;1;1;124.9;0;1;2.498;18;4.109;1.41317969
104;74;0;0;0;1;13.7;1;0;0;6;163;5.093750201
105;23;1;0;1;0;60.3;1;0;0;6;1.252;0.224742273
106;27;1;0;0;1;43.1;1;0;0;12;1.224;0.202124184
107;47;0;1;1;0;128.7;0;1;3.861;24;3.995;1.385043579
108;74;0;0;1;1;118.3;1;0;0;18;2.681;0.986189859
109;35;1;0;1;1;36.5;0;1;730;24;1.14;0.131028262
110;27;1;0;0;1;13.4;0;1;268;18;424;6.049733455
111;31;1;1;1;1;101.7;1;0;0;6;941;6.84694314
112;43;1;1;0;1;76.8;1;1;1.152;18;1.061;0.05921186
113;37;1;0;0;1;21.9;0;1;438;12;276;5.620400866
114;24;0;0;0;0;16.1;0;0;0;6;202;5.308267697
115;25;0;1;0;0;64.1;2;1;1.282;24;1.595;0.466873736
116;39;0;0;1;1;95.9;0;0;0;24;3.168;1.153100474
117;53;0;1;0;1;58.2;0;1;1.164;18;981;6.88857246
118;63;1;1;1;0;120;3;1;1.8;18;1.926;0.655445313
119;33;1;1;0;1;68.4;0;1;1.368;18;1.155;0.144100344
120;52;1;1;1;1;83.6;2;1;836;6;538;6.28785856
121;42;0;0;0;1;13.4;1;1;201;12;143;4.96284463
122;25;0;1;1;1;54.7;0;1;1.094;24;1.404;0.339325306
123;64;1;1;1;0;41.3;0;1;1.239;24;1.985;0.685618914
124;59;0;1;1;1;130.7;3;0;0;6;2.07;0.727548607
125;55;0;0;1;1;39.5;0;1;790;12;1.006;0.005982072
126;71;0;1;1;1;93.4;2;0;0;24;3.079;1.124604869
127;56;1;1;1;1;83.1;2;1;831;6;586;6.37331979
128;44;1;1;0;1;55.9;1;0;0;24;2.555;0.938052224
129;46;1;1;1;1;71.2;1;1;1.068;12;638;6.458338283
130;66;1;0;0;1;57.8;0;1;1.156;24;1.149;0.138891999
131;42;1;0;0;1;59.1;2;1;591;18;580;6.363028104
132;46;0;0;0;0;23.1;2;1;462;6;466;6.144185634
133;24;1;0;0;0;10.9;0;1;327;24;407;6.008813185
134;23;0;1;0;0;47.5;0;1;1.425;6;847;6.741700695
135;40;1;0;1;1;76.2;1;0;0;24;2.437;0.890767775
136;55;1;0;0;1;14.2;1;0;0;24;400;5.991464547
137;30;0;0;1;0;52.5;0;1;1.575;24;2.038;0.711968935
138;61;0;0;1;0;43.3;3;1;650;24;716;6.573680167
139;40;1;1;0;1;66.6;0;1;1.332;18;1.177;0.162968828
140;55;1;0;0;1;55.1;2;0;0;6;826;6.716594774
141;48;0;0;0;1;10.6;2;1;106;12;114;4.736198448
142;23;1;0;0;1;56.3;0;1;1.126;6;873;6.771935556
143;64;1;1;1;1;58.9;0;0;0;18;1.215;0.194744077
144;29;0;1;1;1;102.5;3;1;513;12;548;6.306275287
145;35;1;1;0;0;71.5;0;0;0;6;964;6.871091295
146;32;1;1;1;1;73.3;0;0;0;12;1.694;0.527092596
147;67;1;1;1;1;69.9;1;0;0;18;2.101;0.742413422
148;47;0;0;0;1;12.1;1;1;182;6;90;4.49980967
149;26;0;0;0;1;23;3;1;115;6;79;4.369447852
150;25;1;0;0;1;39.5;1;0;0;6;412;6.021023349
151;54;1;1;1;1;55.5;0;1;1.11;18;858;6.754604099
152;58;1;0;0;1;45.6;0;1;912;18;1.388;0.327863862
153;34;1;0;0;0;19.5;0;0;0;24;571;6.34738921
154;26;1;1;1;1;70.4;2;0;0;12;1.127;0.119559235
155;49;0;0;0;1;10.2;3;0;0;6;199;5.293304825
156;26;1;1;1;1;83.7;0;1;1.674;24;3.344;1.207167695
157;32;0;1;1;1;72.6;1;0;0;18;1.999;0.692647056
158;51;1;0;0;0;40.5;1;0;0;18;1.073;0.070458464
159;42;1;1;1;1;63.3;2;0;0;6;633;6.450470422
160;44;1;0;0;1;14.8;3;0;0;12;436;6.077642243
161;24;0;0;1;1;84.8;0;1;1.696;18;2.624;0.964699871
162;67;0;1;1;1;85.5;2;1;855;18;895;6.796823718
163;43;1;0;1;0;84.1;1;1;2.103;24;2.362;0.859508718
164;36;0;0;0;1;26.6;2;1;266;24;245;5.501258211
165;30;0;0;0;1;42.5;0;1;850;24;918;6.822197391
166;76;1;0;0;0;15.3;0;1;459;24;645;6.469250317
167;22;1;1;1;1;67.6;1;1;1.014;18;1.172;0.158711691
168;51;1;0;0;1;15.2;0;0;0;12;324;5.780743516
169;26;0;1;0;0;56;3;1;840;6;530;6.272877007
170;44;0;1;1;1;84.8;1;0;0;12;1.826;0.602127782
171;53;0;0;0;1;10.6;2;0;0;24;517;6.248042875
172;22;0;0;1;0;88.4;0;1;2.652;18;3.632;1.289783461
173;70;1;1;1;1;87.2;0;1;1.744;18;1.274;0.242161557
174;53;1;0;1;1;106.7;2;1;1.067;6;607;6.408528791
175;33;1;0;0;1;27.1;1;1;407;12;268;5.590986981
176;27;0;1;0;1;46.6;2;0;0;18;1.153;0.142367241
177;42;0;1;0;1;49.1;2;1;491;6;474;6.161207322
178;54;0;1;0;1;35.2;0;1;704;12;607;6.408528791
179;33;0;1;0;1;35.2;0;0;0;12;827;6.717804695
180;61;0;1;1;0;84.1;0;1;2.523;18;2.71;0.996948635
181;72;1;0;0;1;25.8;0;0;0;6;451;6.11146734
182;28;0;1;1;1;49.7;2;1;497;18;613;6.418364936
183;52;0;0;0;1;13.2;1;1;198;12;227;5.424950017
184;23;0;0;0;1;14.6;3;1;73;6;47;3.850147602
185;23;1;1;1;1;109.9;2;1;1.099;12;870;6.768493212
186;56;0;1;1;1;126.3;1;1;1.895;6;1.888;0.635518068
187;41;1;1;1;0;100.6;3;1;1.509;24;2.838;1.043099579
188;47;0;0;0;0;11.7;0;1;351;18;540;6.29156914
189;71;0;0;0;1;36.4;2;1;364;18;506;6.226536669
190;42;0;0;0;1;22.2;2;1;222;18;275;5.616771098
191;24;1;1;1;1;106.4;0;0;0;12;1.757;0.563607809
192;48;0;1;1;1;112.8;0;1;2.256;12;1.861;0.621113978
193;73;1;1;1;1;95.9;0;1;1.918;24;2.585;0.949725508
194;64;1;0;1;1;88;2;1;880;6;524;6.261491684
195;48;1;0;0;1;44.5;0;1;890;24;1.175;0.161268148
196;42;0;1;1;1;43.6;0;1;872;12;1.047;0.045928932
197;68;1;0;0;0;20.8;0;0;0;6;260;5.560681631
198;25;1;1;1;1;23.4;0;1;468;6;348;5.85220248
199;72;0;0;0;1;46.6;0;1;932;24;906;6.809039306
200;55;0;0;0;1;31.3;1;1;470;6;357;5.877735782
201;26;0;0;1;0;33.2;1;0;0;24;1.639;0.4940863
202;22;0;1;1;0;70.4;0;1;2.112;18;2.61;0.959350221
203;60;1;0;0;1;17;0;0;0;18;581;6.364750757
204;25;0;0;0;1;26.2;1;1;393;12;381;5.942799375
205;47;1;1;1;1;108.9;0;1;2.178;12;1.841;0.610308902
206;73;0;1;0;1;17.3;0;1;346;6;166;5.111987788
207;58;1;0;0;0;51.9;0;1;1.557;18;1.492;0.400117502
208;40;0;0;0;1;33.6;0;1;672;12;573;6.350885717
209;63;0;0;1;1;61;1;0;0;18;1.611;0.476855104
210;26;0;1;1;1;41.6;0;0;0;18;982;6.889591308
211;65;0;0;1;1;54.2;1;1;813;6;486;6.186208624
212;30;1;0;1;0;66.2;0;1;1.986;24;2.057;0.721248611
213;60;0;1;0;1;72.2;0;0;0;18;3.278;1.18723348
214;38;0;0;0;1;39.7;3;1;199;12;238;5.472270674
215;43;1;0;1;1;36.9;0;1;738;18;721;6.580639137
216;25;1;1;1;1;96.1;3;1;481;12;316;5.755742214
217;39;0;0;0;1;11.7;0;1;234;12;193;5.262690189
218;31;1;0;0;1;31.6;1;0;0;12;476;6.165417854
219;30;0;1;1;1;82.8;0;1;1.656;24;3.01;1.101940079
220;58;0;0;1;1;40.9;1;1;614;18;962;6.869014451
221;23;1;0;1;1;65.8;2;1;658;18;578;6.359573869
222;50;1;0;1;1;39.7;0;1;794;18;1.011;0.01093994
223;22;0;1;1;0;79.3;0;0;0;12;2.047;0.716375307
224;58;0;0;1;1;40.5;2;1;405;18;622;6.432940093
225;54;0;1;1;1;64.1;1;1;962;18;1.332;0.286681572
226;36;0;0;0;1;42;3;1;210;18;232;5.446737372
227;45;0;1;0;1;32.5;0;1;650;24;883;6.783325201
228;66;0;0;1;1;68.6;0;1;1.372;18;1.342;0.294161039
229;71;1;0;0;1;60.4;1;1;906;6;791;6.673297968
230;54;1;1;1;0;130.6;0;1;3.918;18;3.442;1.236052698
231;47;1;1;1;1;73.1;0;1;1.462;6;1.582;0.458689869
232;69;0;1;0;1;23.8;0;1;476;6;438;6.08221891
233;65;1;1;0;1;52.9;1;0;0;24;2.316;0.83984156
234;43;1;0;1;1;53.6;1;1;804;24;973;6.880384082
235;24;1;0;0;1;55.6;0;1;1.112;6;984;6.891625897
236;44;1;1;1;0;52;0;1;1.56;18;2.545;0.93413065
237;62;0;0;1;1;79.5;0;1;1.59;12;1.651;0.501381165
238;42;1;0;1;0;64.6;2;0;0;24;2.935;1.076707453
239;51;0;0;0;1;14.3;1;0;0;18;458;6.126869184
240;27;1;1;1;1;100;1;1;1.5;24;2.247;0.809595993
241;45;1;1;0;0;48.1;2;1;962;18;961;6.867974409
242;53;1;1;1;1;107.3;2;1;1.073;24;1.194;0.177309015
243;32;1;1;1;1;85.6;0;1;1.712;24;3.38;1.217875709
244;38;1;1;0;1;62.7;2;1;627;12;704;6.556778356
245;35;1;1;0;0;55.6;0;1;1.668;18;1.786;0.579978482
246;56;1;0;0;1;54.7;0;1;1.094;24;1.355;0.303801454
247;38;0;0;0;1;46.5;1;1;698;24;829;6.720220155
248;36;0;1;0;1;35.9;0;0;0;12;962;6.869014451
249;67;1;0;1;1;106.1;3;1;531;12;472;6.156978986
250;50;1;1;0;1;49.2;3;1;246;12;210;5.347107531
251;27;0;0;0;0;10.8;3;1;23;6;123;4.812184355
252;43;1;0;0;1;45.2;1;1;633;18;699;6.549650742
253;61;0;0;0;0;20.4;0;0;0;24;513;6.240275845
254;47;1;1;1;0;95.8;3;0;0;12;2.581;0.948176921
255;43;1;1;1;1;111.4;0;1;2.019;12;2.136;0.758934921
256;62;0;1;1;1;49.2;0;1;1.064;12;1.078;0.075107472
257;45;1;0;1;0;48.8;2;0;0;12;1.647;0.498955451
258;28;0;0;0;1;14;0;1;353;12;229;5.433722004
259;42;1;1;0;1;82.8;0;0;0;6;1.544;0.434376452
260;25;0;0;0;0;12.9;1;1;602;6;167;5.117993812
261;35;0;1;1;1;44.1;1;1;884;24;704;6.556778356
262;54;0;0;1;0;72.9;0;1;1.962;18;2.075;0.729961154
263;65;1;1;0;1;59.3;0;1;1.416;12;929;6.834108739
264;53;1;1;0;1;59.7;1;0;0;18;1.422;0.352064331
265;58;1;1;0;1;40.2;2;0;0;18;1.197;0.179818427
266;47;1;1;0;1;62.8;3;0;0;6;707;6.561030666
267;61;0;0;0;0;22.6;0;0;0;12;865;6.762729507
268;46;0;1;0;1;54.4;3;1;340;18;342;5.834810737
269;24;0;1;0;1;33.4;1;0;0;6;617;6.424869024
270;25;1;0;1;0;63.3;3;0;0;6;1.408;0.342170258
271;54;1;0;1;1;87.4;2;0;0;18;2.729;1.003935242
272;48;0;1;0;1;27;2;1;94;6;183;5.209486153
273;47;1;1;0;1;65.3;3;1;619;6;193;5.262690189
274;44;0;0;1;1;104.9;3;1;975;6;450;6.109247583
275;73;0;0;0;1;20.1;0;1;501;24;576;6.356107661
276;29;0;0;0;1;14.6;1;1;166;6;143;4.96284463
277;37;1;1;0;1;48.1;0;1;1.057;18;1.64;0.494696242
278;48;0;1;1;1;107.6;2;1;1.773;12;1.512;0.413433278
279;35;0;0;0;1;58.6;1;1;801;6;624;6.436150368
280;23;1;0;1;1;80.7;3;1;438;6;202;5.308267697
281;36;1;0;0;0;40.2;0;1;1.533;18;1.634;0.491030996
282;25;1;0;0;1;25;0;1;726;6;264;5.575949103
283;43;0;1;0;1;46.6;3;1;14;6;158;5.062595033
284;28;1;0;0;0;21.9;2;0;0;6;192;5.257495372
285;22;1;0;0;0;13.9;0;0;0;24;570;6.345636361
286;36;0;0;0;1;25.7;2;1;318;6;173;5.153291594
287;63;0;0;1;0;72.2;0;1;2.326;24;3.069;1.121351776
288;26;0;0;1;1;76.4;0;0;0;12;2.216;0.795703769
289;25;0;1;0;1;20.3;1;1;131;12;304;5.717027701
290;21;0;0;0;1;11.4;2;0;0;6;186;5.225746674
291;24;0;0;0;1;17;0;1;374;18;659;6.490723535
292;70;1;0;1;1;60;0;1;1.163;6;966;6.873163834
293;57;1;1;1;1;107.4;0;1;1.877;12;1.485;0.395414772
294;65;0;1;0;1;37.3;0;1;720;6;673;6.51174533
295;39;1;1;0;1;68.9;2;0;0;18;2.784;1.023888742
296;34;1;1;1;1;83;2;1;1.153;6;726;6.587550015
297;50;1;1;1;1;97.4;1;1;1.442;6;880;6.779921907
298;54;0;0;1;0;92.4;1;0;0;6;2.191;0.784358061
299;54;0;0;0;0;44.8;1;1;1.251;6;666;6.501289671
300;74;0;0;1;1;50.5;0;1;1.013;12;642;6.464588304
301;31;1;1;1;0;65.4;3;0;0;6;836;6.728628613
302;49;0;1;1;0;83.1;1;0;0;12;2.766;1.017402233
303;45;1;1;1;1;117.5;2;1;1.796;12;927;6.831953566
304;49;0;0;0;1;43.3;3;1;117;24;326;5.786897381
305;38;1;1;1;0;103.9;1;1;2.576;24;2.666;0.980579222
306;26;0;0;1;1;41.7;1;0;0;6;521;6.255750042
307;66;1;1;0;1;44.8;0;1;904;24;1.417;0.348541961
308;52;1;1;0;0;45;1;0;0;18;902;6.80461452
309;54;0;0;0;1;43.7;0;1;1.069;12;950;6.856461985
310;75;0;0;1;1;23.6;1;1;258;6;161;5.081404365
311;29;1;0;0;0;20.4;0;1;886;18;867;6.765038977
312;62;1;1;1;1;123;0;1;2.428;24;3.671;1.300464105
313;45;0;0;0;1;44.6;0;1;1.165;18;966;6.873163834
314;25;1;0;1;1;55.5;3;1;123;12;216;5.375278408
315;34;0;1;0;0;56.2;0;1;1.715;18;1.546;0.43567095
316;50;1;1;1;1;96.3;2;0;0;18;3.916;1.365070725
317;72;1;0;0;1;32.4;1;1;169;12;515;6.244166901
318;36;1;1;0;1;60.2;0;1;1.335;12;1.365;0.311154429
319;71;0;1;1;1;72.9;0;1;1.828;6;753;6.624065228
320;29;0;0;0;1;19.3;1;1;57;24;308;5.730099783
321;58;1;1;1;1;74.8;0;1;1.573;18;1.968;0.677017799
322;24;1;0;1;1;34.3;3;0;0;12;1.297;0.260053905
323;49;1;1;0;0;75.4;0;1;2.121;24;2.723;1.001734214
324;21;0;0;0;0;11.4;3;0;0;12;312;5.743003188
325;28;1;1;1;1;30.4;0;1;606;6;495;6.204557763
326;43;1;0;0;1;41.2;0;1;951;12;841;6.73459166
327;21;1;0;0;1;21.4;0;0;0;12;414;6.025865974
328;25;0;0;1;1;60.6;3;1;275;12;307;5.726847748
329;41;1;1;1;1;105.3;1;0;0;18;3.505;1.25419052
330;55;1;1;0;1;63.7;0;0;0;6;1.351;0.300845059
331;27;1;0;0;1;15.8;2;1;115;12;147;4.990432587
332;54;1;0;0;0;56.9;0;1;1.327;24;1.857;0.618962282
333;27;0;0;0;1;15.9;0;1;568;18;503;6.22059017
334;71;0;1;1;0;37.5;0;1;1.784;18;1.578;0.456158222
335;37;1;0;0;0;42.5;1;0;0;6;798;6.682108597
336;49;1;1;1;1;97.5;0;1;1.295;18;2.837;1.042747156
337;30;1;1;0;1;29.6;3;0;0;12;583;6.368187186
338;52;1;1;0;1;55.6;0;0;0;12;952;6.858565035
339;36;1;0;1;1;74.6;2;1;846;18;705;6.558197803
340;34;0;1;1;1;68.5;2;0;0;12;1.5;0.405465108
341;45;0;1;0;1;51.9;2;0;0;12;1.162;0.150142658
342;21;0;0;0;1;17.2;1;0;0;12;329;5.796057751
343;25;0;0;1;0;51.9;0;0;0;6;780;6.65929392
344;39;1;1;1;1;70.2;0;0;0;6;1.583;0.459321781
345;37;1;1;0;1;61.5;2;1;794;24;968;6.875232087
346;42;0;1;1;1;70.9;1;1;898;12;794;6.677083461
347;51;1;1;1;0;72.5;0;0;0;24;2.595;0.953586517
348;57;0;1;0;1;33.2;0;1;1.029;24;1.037;0.036331929
349;43;1;0;0;0;58.6;2;0;0;6;989;6.896694332
350;37;1;1;1;1;54.7;0;1;1.022;18;848;6.742880636
351;42;1;0;1;0;64;1;0;0;6;1.552;0.439544422
352;30;0;0;0;0;12.5;1;0;0;12;422;6.045005314
353;51;1;1;1;1;122.7;1;0;0;18;4.984;1.606232781
354;24;1;0;0;1;23.2;1;1;306;24;504;6.222576268
355;25;1;0;1;1;41.6;3;0;0;24;1.634;0.491030996
356;56;0;1;1;1;69.4;0;1;1.624;18;2.419;0.883354232
357;41;0;1;1;1;109.8;1;1;1.88;24;2.258;0.814479466
358;44;0;1;0;0;66.8;3;0;0;24;2.098;0.74098451
359;47;1;0;1;0;87.1;2;1;1.609;18;1.688;0.523544396
360;42;1;1;0;0;80.8;2;1;1.201;18;2.444;0.893636041
361;33;1;1;1;0;122.1;0;1;2.963;12;2.408;0.878796527
362;23;0;0;0;1;19.4;1;0;0;18;384;5.950642553
363;37;0;1;0;1;43.3;1;0;0;18;1.021;0.020782539
364;60;1;1;1;0;33;0;1;1.345;12;979;6.886531643
365;62;1;0;1;0;66.3;0;0;0;18;2.243;0.807814256
366;50;1;1;1;1;96.3;1;1;1.603;24;1.909;0.646579545
367;53;1;0;0;0;55.8;1;0;0;6;821;6.710523109
368;32;1;0;1;1;63.5;2;0;0;24;2.321;0.841998127
369;46;1;1;1;0;82.4;2;1;1.352;24;2.035;0.710495819
370;29;0;0;0;1;14.2;0;0;0;6;192;5.257495372
371;29;1;0;1;1;41.5;0;0;0;24;1.213;0.19309663
372;35;1;1;1;1;82.5;0;1;1.673;6;859;6.755768922
373;37;1;1;1;1;85.6;1;1;935;18;2.436;0.89035735
374;23;0;0;0;0;18.4;1;1;930;6;319;5.765191103
375;58;0;1;1;1;62.6;0;1;1.395;6;565;6.336825731
376;27;0;0;0;0;13.8;3;1;330;6;127;4.844187086
377;53;1;1;0;1;60.3;0;1;928;24;1.263;0.233489843
378;28;1;1;0;1;31.5;3;1;105;18;269;5.59471138
379;65;0;1;1;1;111.5;0;1;2.41;18;2.51;0.920282753
380;33;1;1;0;1;67.9;0;1;1.347;18;1.418;0.349247428
381;22;1;0;0;1;29.2;0;1;461;18;737;6.602587892
382;67;1;1;1;1;84.5;0;0;0;12;1.557;0.442760893
383;33;1;1;1;1;84.7;3;0;0;24;2.705;0.995101912
384;22;1;0;1;0;67.3;3;0;0;6;1.212;0.192271888
385;42;1;0;0;0;51.1;0;1;1.767;24;1.984;0.685115009
386;24;1;0;0;1;23.5;0;1;461;12;371;5.916202063
387;21;1;0;0;1;21.3;1;0;0;12;329;5.796057751
388;38;1;1;1;1;90.1;0;1;1.755;18;1.956;0.670901572
389;51;1;1;1;0;84.3;2;1;1.607;18;1.648;0.499562431
390;29;0;0;0;0;13.2;0;0;0;18;512;6.238324625
391;24;0;0;0;1;22.1;2;1;168;18;280;5.634789603
392;43;1;1;1;1;53.7;1;0;0;12;1.081;0.077886539
393;49;1;0;0;0;38.7;1;1;1.129;18;1.009;0.008959741
394;38;0;1;0;1;35.2;2;1;57;6;233;5.451038454
395;47;1;1;1;0;113.3;1;1;1.93;18;5.151;1.639190871
396;37;1;0;1;1;105.6;3;1;1.046;6;304;5.717027701
397;70;0;1;1;1;74.7;0;1;1.782;12;1.699;0.530039843
398;32;0;1;0;1;60.2;1;0;0;12;1.748;0.558472277
399;26;0;0;0;1;12;0;1;313;24;344;5.840641657
400;21;0;0;0;1;16.7;2;1;85;12;108;4.682131227
401;38;0;1;0;1;46.1;2;1;408;12;418;6.035481433
402;35;1;1;1;0;103.7;1;1;2.324;24;2.339;0.849723488
403;44;1;0;0;1;63.8;1;1;1.311;24;1.622;0.483659956
404;35;0;1;1;1;65.4;2;1;632;24;938;6.843749949
405;46;1;1;0;1;49.9;1;0;0;24;1.631;0.489193324
406;39;1;1;1;1;64.3;2;1;655;6;661;6.49375384
407;44;1;1;0;0;59.6;2;1;1.239;18;1.217;0.196388814
408;47;0;1;0;1;45.1;1;1;741;12;448;6.104793232
409;45;0;0;0;1;39.9;1;1;380;12;586;6.37331979
410;28;1;1;0;1;33.4;0;0;0;12;567;6.340359304
411;34;1;1;1;1;99.6;1;1;1.882;6;871;6.769641977
412;41;1;1;0;1;58.4;0;1;1.004;12;829;6.720220155
413;44;1;0;0;1;35.1;1;1;466;6;421;6.042632834
414;67;1;1;0;1;53.4;1;1;747;12;886;6.786716951
415;50;1;1;0;1;61.6;0;0;0;18;1.666;0.510425544
416;23;0;1;0;0;21.4;3;0;0;6;326;5.786897381
417;22;0;0;0;0;20;3;1;35;6;182;5.204006687
418;69;0;1;0;0;32.7;0;1;1.027;24;1.252;0.224742273
419;48;0;1;1;0;99.2;0;1;2.247;24;5.503;1.705293398
420;39;1;1;1;1;109.6;1;1;1.591;12;2.318;0.840704745
421;65;0;1;1;0;22.8;0;0;0;12;452;6.11368218
422;72;1;1;1;0;76.9;2;1;1.571;24;3.23;1.172482137
423;55;0;0;1;1;97.4;3;1;1.307;6;213;5.361292166
424;50;1;0;0;1;43.7;0;0;0;18;1.344;0.295650242
425;40;0;1;0;1;49.6;1;1;879;12;844;6.738152495
426;62;1;1;0;1;71.3;0;1;1.518;18;1.543;0.433728573
427;62;0;1;1;1;10.1;1;1;58;6;93;4.532599493
428;38;0;1;0;1;35.8;1;0;0;24;1.355;0.303801454
429;40;1;1;1;0;113.4;3;1;1.551;18;1.79;0.58221562
430;21;0;0;0;0;23.2;2;0;0;24;788;6.66949809
431;36;1;0;1;1;88.5;2;1;1.059;24;1.104;0.098939948
432;40;1;1;1;1;96.9;1;1;1.718;12;1.42;0.350656872
433;27;0;0;0;1;22;1;1;285;12;472;6.156978986
434;35;0;0;1;1;81.4;2;0;0;6;1.014;0.013902905
435;59;0;1;1;1;114.8;0;1;2.763;18;3.596;1.279822117
436;43;0;1;1;1;79.9;3;1;234;12;295;5.686975356
437;38;1;1;1;1;107.4;1;1;1.697;24;1.821;0.599385801
438;62;0;1;1;0;78.8;0;1;2.586;18;3.398;1.223187023
439;35;1;0;1;0;124.8;3;1;1.634;18;2.537;0.930982281
440;27;0;0;1;1;36.9;1;0;0;18;1.48;0.392042088
441;23;0;0;0;0;12.8;1;0;0;24;365;5.899897354
442;51;0;1;0;1;65.8;1;1;1.369;12;869;6.767343125
443;28;1;1;0;1;20.9;0;1;225;24;550;6.309918278
444;41;1;1;0;0;49.7;0;1;1.88;24;2.844;1.045211512
445;60;0;1;0;1;25.5;0;1;696;18;636;6.455198563
446;68;0;1;0;1;20.6;0;1;309;6;201;5.303304908
447;64;1;1;1;1;84.3;0;1;1.7;24;2.842;1.04450803
448;37;0;0;0;0;31.2;3;0;0;24;1.087;0.083421608
449;43;0;0;0;1;50.5;1;1;509;12;940;6.845879875
450;28;0;0;0;1;15.5;1;1;269;6;210;5.347107531
451;24;0;0;0;1;12.9;1;1;90;6;107;4.672828834
452;40;1;0;0;1;52.4;0;0;0;18;857;6.753437919
453;34;1;1;1;1;97.6;2;1;1.585;12;1.162;0.150142658
454;34;1;0;0;1;50.5;0;1;946;12;1.029;0.028587457
455;47;1;0;0;1;55.9;1;1;1.123;12;909;6.812345094
456;29;0;0;0;0;28.9;0;1;976;24;905;6.807934944
457;32;1;0;1;1;108.3;2;0;0;12;2.224;0.799307376
458;45;0;0;1;1;46.7;0;1;927;24;983;6.89060912
459;75;1;1;1;1;102.7;0;0;0;18;2.381;0.867520568
460;28;0;0;0;1;15.6;0;0;0;12;468;6.148468296
461;36;1;0;0;1;39;0;0;0;6;643;6.466144724
462;67;0;0;1;0;60.2;0;1;1.893;18;2.328;0.84500953
463;29;0;0;0;1;17.3;0;1;442;12;345;5.843544417
464;45;0;0;0;1;36.9;1;1;452;6;371;5.916202063
465;44;1;1;1;1;64.8;2;1;714;12;574;6.352629396
466;41;0;0;1;0;67.3;1;1;2.146;18;1.513;0.414094435
467;28;1;0;0;1;15.4;0;1;185;6;172;5.147494477
468;28;0;0;0;1;22.6;3;0;0;6;521;6.255750042
469;58;1;1;1;0;54.6;0;1;1.584;24;2.163;0.771496147
470;29;1;1;1;1;62.2;0;1;1.281;24;1.348;0.298622012
471;21;1;0;1;1;56.3;0;0;0;24;1.608;0.474991171
472;22;1;0;0;1;21;0;1;929;24;646;6.470799504
473;32;0;0;1;1;66.9;2;1;766;12;769;6.64509097
474;38;1;1;1;1;66.5;3;1;383;12;286;5.655991811
475;27;0;0;0;1;13.6;1;1;48;6;183;5.209486153
476;47;1;1;1;1;54.2;1;1;794;6;757;6.629363253
477;32;1;1;1;1;102.4;1;1;1.769;18;1.237;0.212689093
478;21;0;0;1;1;42.3;0;0;0;6;856;6.752270376
479;61;0;0;0;1;14.9;0;0;0;12;275;5.616771098
480;49;1;1;1;1;123.8;2;0;0;18;3.537;1.26327891
481;63;1;1;0;1;58.7;0;0;0;24;1.479;0.391366184
482;30;0;0;0;1;15;2;0;0;12;341;5.831882477
483;23;1;0;0;1;14.1;0;1;250;12;328;5.793013608
484;29;0;0;0;0;17.3;1;1;677;18;381;5.942799375
485;55;1;1;1;0;77.8;1;1;2.137;18;1.813;0.594982932
486;62;0;0;1;1;65.9;0;1;1.052;12;777;6.65544035
487;43;1;1;0;1;73.2;0;1;1.246;24;2.177;0.777947782
488;38;1;1;1;1;88.1;2;1;1.262;24;1.078;0.075107472
489;53;0;1;1;1;51.9;3;1;36;6;158;5.062595033
490;72;0;1;0;0;47.5;0;1;1.184;6;755;6.626717749
491;51;1;1;1;1;74.5;0;1;1.356;6;1.481;0.392717535
492;28;0;1;0;0;27.9;0;1;1.146;18;1.184;0.168898536
493;73;1;1;1;1;58.3;0;1;1.122;24;1.472;0.38662202
494;45;1;1;1;1;81.2;0;1;1.46;24;1.856;0.618423634
495;42;1;1;1;1;104.1;0;1;2.191;24;2.636;0.969262617
496;46;0;1;1;0;87.2;0;1;2.011;18;3.604;1.28204434
497;35;1;1;1;1;76.4;2;1;1.221;18;881;6.781057626
498;27;1;0;1;1;64.3;3;1;378;6;239;5.476463552
499;41;1;1;1;1;119.8;2;1;1.538;24;2.09;0.737164066
500;49;1;1;0;1;56.3;3;1;50;6;321;5.771441123
501;28;1;0;1;1;67.8;0;1;1.457;12;1.084;0.080657903
502;29;1;0;1;1;66.7;0;0;0;18;1.31;0.270027137
503;69;0;1;1;0;91.8;0;0;0;24;2.452;0.896904018
504;22;1;0;0;1;17.7;1;1;130;12;268;5.590986981
505;49;0;1;1;1;97.9;0;1;2.001;24;2.149;0.765002618
506;24;0;1;1;1;76.2;0;1;1.391;12;979;6.886531643
507;31;1;0;0;1;47.2;0;1;924;18;1.587;0.461845442
508;30;1;0;0;1;21.7;1;0;0;18;774;6.651571874
509;48;1;1;1;1;82.4;0;1;2.219;18;1.779;0.576051409
510;33;0;0;0;0;35.6;3;1;390;18;865;6.762729507
511;74;1;0;0;1;42.8;0;1;947;12;922;6.826545224
512;49;1;0;0;1;72;0;1;1.719;12;1.475;0.38865799
513;31;0;1;1;0;90.4;1;1;2.03;18;2.924;1.072952542
514;23;1;0;1;1;37.2;1;1;645;6;247;5.509388337
515;53;1;1;1;1;77;0;1;1.453;12;2.104;0.743840295
516;29;0;0;1;1;71.2;3;1;455;12;392;5.97126184
517;68;0;1;1;1;61;0;0;0;18;1.85;0.615185639
518;63;1;1;1;0;37;0;1;1.138;12;850;6.745236349
519;29;0;0;0;1;25.3;3;0;0;6;510;6.234410726
520;24;0;0;1;0;53.7;0;1;2.191;24;2.491;0.912684236
521;45;0;0;0;1;48.1;0;1;1.273;12;782;6.661854741
522;51;1;1;1;1;96.3;1;1;1.358;12;1.081;0.077886539
523;42;0;0;1;1;75.2;1;0;0;24;2.702;0.99399224
524;72;0;0;1;0;81.5;0;1;2.103;18;3.655;1.296096093
525;44;1;0;1;0;83.5;2;1;1.077;24;2.098;0.74098451
526;68;0;1;0;1;30.9;0;1;525;18;862;6.759255271
527;33;0;1;1;1;75.6;0;0;0;12;1.541;0.432431556
528;29;1;0;1;0;25.1;0;1;916;12;592;6.383506635
529;72;0;0;1;1;41.7;0;1;892;18;1.398;0.335042644
530;49;0;1;1;1;35.3;0;1;984;24;1.093;0.088926209
531;32;0;0;0;1;35.3;0;0;0;18;1.369;0.314080546
532;56;1;0;0;1;44.4;0;1;717;18;886;6.786716951
533;42;0;1;1;0;44.2;0;1;1.362;24;2.524;0.925844945
534;73;0;1;1;0;57.9;0;1;1.731;12;1.693;0.526502103
535;39;1;1;1;1;97.1;0;0;0;12;1.473;0.387301137
536;42;1;0;1;1;96.4;1;1;1.739;24;1.822;0.599934799
537;24;0;0;0;0;23.1;2;1;392;12;457;6.124683391
538;46;1;0;0;0;67.7;0;1;1.814;12;2.226;0.800206253
539;47;0;0;1;0;53.9;1;1;977;18;2.177;0.777947782
540;30;0;1;1;1;42.4;1;0;0;18;1.166;0.153579088
541;40;0;1;0;1;52.7;2;1;489;18;855;6.751101469
542;40;1;0;0;1;47;1;1;715;12;584;6.369900983
543;26;0;0;0;1;14.8;1;1;64;6;209;5.342334252
544;28;0;0;0;1;12.7;3;1;49;12;87;4.465908119
545;69;0;1;1;1;96.2;0;1;1.373;12;1.457;0.376379527
546;23;0;1;0;1;15.1;0;1;82;6;274;5.613128106
547;26;1;0;1;1;43.7;1;0;0;12;927;6.831953566
548;73;0;1;0;1;43.3;0;0;0;12;1.584;0.459953293
549;38;0;1;0;1;36.7;1;0;0;6;529;6.270988432
550;69;0;1;0;1;28.5;0;1;972;24;621;6.431331082
551;44;0;0;0;1;32.1;2;1;67;24;405;6.003887067
552;39;1;0;1;1;92.9;1;0;0;6;1.705;0.533565111
553;75;0;1;1;0;40.1;0;1;1.703;12;1.384;0.324977857
554;58;0;0;0;1;21.4;0;1;781;18;498;6.210600077
555;34;1;1;1;1;72.2;0;1;1.195;24;2.492;0.913085601
556;58;0;1;1;0;67.9;0;1;2.563;24;2.925;1.073294481
557;23;0;0;0;0;21.1;1;1;367;6;470;6.152732695
558;53;1;1;1;0;93;3;1;1.663;6;1.046;0.044973366
559;28;0;0;1;1;40.9;2;1;169;18;576;6.356107661
560;53;1;1;0;0;61.3;2;1;1.436;24;1.241;0.215917506
561;65;0;1;1;1;110.7;0;1;2.21;12;2.458;0.899348011
562;49;1;0;1;1;81.8;1;1;1.245;18;1.838;0.608678024
563;28;1;0;0;1;19.1;0;0;0;6;176;5.170483995
564;21;0;0;1;1;73.6;1;1;1.486;6;647;6.472346295
565;33;0;1;0;0;62.5;3;0;0;6;921;6.825460036
566;35;0;0;1;1;48.6;0;1;760;24;1.583;0.459321781
567;56;1;0;1;1;69.8;0;1;1.708;24;2.764;1.016678906
568;43;1;1;1;1;90.3;0;1;1.552;24;1.944;0.664747706
569;50;1;1;1;1;74.5;2;1;749;12;824;6.71417053
570;27;0;1;0;0;32;1;0;0;24;1.32;0.277631737
571;39;0;1;1;1;68.2;1;0;0;6;818;6.706862337
572;30;0;1;0;1;21.6;2;0;0;12;491;6.196444128
573;31;0;0;0;0;38.2;0;1;1.595;24;1.476;0.389335726
574;41;0;0;1;1;91;2;1;1.104;6;708;6.562444094
575;30;0;0;0;0;12;0;1;894;6;264;5.575949103
576;21;0;0;0;0;18.2;2;1;526;12;322;5.774551546
577;39;0;0;1;1;72.1;0;1;1.349;24;3.052;1.115797113
578;44;1;0;1;1;38.4;2;1;223;6;188;5.236441963
579;54;1;1;1;0;79.7;1;1;1.634;24;3.384;1.219058442
580;22;1;0;0;0;17.7;0;1;1.062;18;742;6.609349243
581;74;1;1;1;0;112.9;0;1;2.402;24;6.217;1.827287475
582;27;0;0;0;1;17.8;1;1;18;6;216;5.375278408
583;36;0;1;1;0;52.3;1;1;1.023;18;2.034;0.710004298
584;46;1;1;0;0;60.2;0;1;1.319;12;1.955;0.670390193
585;46;0;1;1;1;80.8;1;0;0;18;1.598;0.468752847
586;22;0;0;0;1;21.9;1;0;0;12;576;6.356107661
587;50;1;1;1;0;102.7;1;1;2.025;18;3.785;1.331045887
588;34;0;1;1;1;90.5;1;1;1.59;6;1.116;0.109750864
589;52;1;1;0;1;44.6;2;1;144;6;236;5.463831805
590;74;1;1;1;1;85.3;0;0;0;12;2.523;0.92544867
591;25;1;0;0;1;13;3;1;43;6;43;3.761200116
592;30;0;0;0;0;32.4;1;1;1.003;24;920;6.82437367
593;22;1;0;1;0;46.3;1;1;1.338;18;1.357;0.305276381
594;32;0;0;1;0;120.8;1;1;2.375;24;5.83;1.763017
595;40;0;1;1;1;92.3;3;1;669;18;655;6.484635236
596;39;1;1;1;1;102.3;0;1;2.002;24;2.438;0.891178031
597;50;0;0;0;1;41.4;3;1;80;6;223;5.407171771
598;59;0;1;1;1;22.4;0;0;0;24;947;6.853299093
599;47;1;1;1;1;102.7;3;0;0;12;1.473;0.387301137
600;43;0;0;0;0;44.1;1;1;1.428;18;1.659;0.506215011
601;25;0;1;1;0;33.7;0;0;0;6;614;6.419994928
602;47;1;1;0;0;39.1;1;1;1.145;12;1.001;0.0009995
603;30;1;0;1;0;41.5;3;0;0;24;1.314;0.27307592
604;61;0;0;0;0;17.9;0;1;988;6;446;6.100318952
605;27;1;0;0;1;14.6;3;0;0;6;307;5.726847748
606;42;0;1;0;1;46.3;3;0;0;6;1.138;0.129272336
607;68;1;0;0;1;34.5;0;1;878;24;639;6.459904454
608;33;0;1;1;1;76.6;3;0;0;24;2.904;1.066089097
609;55;1;1;1;0;100.1;1;1;2.05;24;3.491;1.250188228
610;26;1;0;1;1;49.3;0;0;0;24;1.692;0.525911261
611;67;1;1;0;1;63.2;0;1;1.106;24;1.507;0.41012092
612;60;0;1;1;1;42.8;0;1;857;6;685;6.529418838
613;68;1;1;1;1;106.6;0;1;1.765;12;1.877;0.629674758
614;70;0;1;1;0;74.9;0;0;0;12;1.804;0.590006422
615;29;0;0;0;1;19.1;1;1;36;18;403;5.998936562
616;47;1;1;0;1;48.8;1;1;751;24;1.271;0.239803992
617;37;0;1;1;1;105.3;1;0;0;24;3.36;1.211940974
618;64;1;1;1;1;90.6;0;1;2.081;24;3.167;1.152784768
619;42;0;1;1;1;105.5;1;1;1.624;6;1.781;0.577175004
620;25;0;0;0;1;17.9;3;1;39;6;62;4.127134385
621;43;1;1;1;1;99.3;1;1;1.51;12;1.504;0.408128226
622;75;0;1;0;1;17.6;0;1;254;6;224;5.411646052
623;33;1;1;1;1;76.7;1;1;1.271;24;1.431;0.358373501
624;60;0;1;1;1;65.9;0;1;1.195;24;1.436;0.361861471
625;51;0;1;1;1;63.7;3;1;580;12;364;5.897153868
626;32;1;0;1;1;93;1;1;1.486;24;2.644;0.972292922
627;57;0;1;1;0;33.6;2;1;628;12;805;6.690842277
628;24;0;1;0;1;27.5;3;0;0;12;571;6.34738921
629;41;1;1;1;1;84.1;3;0;0;6;1.352;0.301584978
630;43;0;1;0;1;48.7;2;1;356;12;528;6.269096284
631;39;1;0;0;1;45.9;0;1;783;12;716;6.573680167
632;72;0;1;1;1;70.7;0;1;1.486;24;2.15;0.765467842
633;21;1;0;0;0;13.8;1;1;695;12;368;5.908082938
634;36;0;1;1;1;100.8;1;1;1.661;24;1.789;0.581656805
635;29;1;0;0;0;25.7;0;1;1.03;18;907;6.81014245
636;26;0;0;0;1;27;1;0;0;24;1.012;0.011928571
637;67;0;1;0;1;51.9;0;1;1.42;12;1.148;0.138021298
638;55;0;0;0;0;37.8;2;0;0;12;1.185;0.169742775
639;44;0;1;1;1;74.7;1;1;1.469;6;704;6.556778356
640;27;1;0;0;0;14.8;1;0;0;12;376;5.929589143
641;29;1;0;0;1;17.4;0;0;0;12;332;5.805134969
642;51;0;1;1;1;59.9;1;0;0;6;613;6.418364936
643;43;0;1;0;1;67.8;1;1;999;6;680;6.522092798
644;49;0;0;1;1;135.7;1;1;2.069;24;2.746;1.010145307
645;37;1;0;1;0;63;0;1;1.567;18;2.107;0.745265135
646;23;0;1;0;0;21.9;2;1;545;24;486;6.186208624
647;50;0;0;1;1;114.1;1;0;0;24;1.976;0.681074599
648;30;1;0;0;0;22.9;1;0;0;12;814;6.701960366
649;35;0;1;1;1;82.7;1;1;1.224;18;1.753;0.561328606
650;70;0;1;1;1;103.3;0;1;2.14;24;3.378;1.217283818
651;33;1;1;1;0;113.8;0;0;0;12;3.273;1.185706996
652;27;1;0;1;1;54.5;1;1;277;18;1.001;0.0009995
653;59;1;1;1;1;54.6;0;1;1.027;24;1.246;0.21993842
654;26;0;0;0;1;18.9;1;1;456;6;184;5.214935758
655;55;0;1;1;1;83.3;1;1;926;24;2.574;0.945461109
656;43;1;0;0;0;60.2;0;1;2.096;24;2.304;0.834646743
657;49;0;0;0;1;53.7;2;0;0;12;1.194;0.177309015
658;68;0;1;1;1;89;0;1;1.627;12;1.487;0.396760667
659;30;0;0;0;1;12.5;3;0;0;12;206;5.327876169
660;46;1;1;0;1;50.6;3;0;0;6;713;6.56948142
661;32;0;1;1;1;67.9;3;1;842;12;356;5.874930731
662;49;1;0;1;1;62.8;3;1;22;6;177;5.176149733
663;55;0;1;0;0;34.6;2;1;579;18;748;6.617402978
664;32;0;1;0;1;43.5;1;1;446;12;500;6.214608098
665;56;1;1;1;0;80.7;0;0;0;18;3.034;1.109881881
666;60;1;0;0;1;29;0;1;289;6;482;6.177944114
667;26;0;0;0;0;27.6;1;1;841;24;893;6.794586581
668;72;0;1;1;0;12.6;2;1;496;12;164;5.099866428
669;55;0;1;1;0;88.6;1;1;1.838;18;2.563;0.941178447
670;31;1;1;1;0;61.4;1;1;1.144;24;1.575;0.454255272
671;35;0;0;0;1;40.2;1;0;0;12;881;6.781057626
672;27;0;0;1;1;69.7;2;1;797;6;584;6.369900983
673;44;1;0;0;1;53.3;0;1;1.148;18;1.72;0.542324291
674;58;1;0;1;0;66.2;0;0;0;6;1.024;0.023716527
675;34;1;0;0;1;54.4;0;1;1.156;6;1.15;0.139761942
676;50;1;0;1;1;68.7;0;1;1.49;24;2.763;1.016317046
677;29;0;0;0;1;25.1;1;0;0;6;421;6.042632834
678;23;0;0;0;1;20.3;2;1;89;12;180;5.192956851
679;64;0;1;1;1;118.8;0;1;2.34;18;2.176;0.777488329
680;23;1;0;0;1;17.6;0;0;0;6;273;5.609471795
681;51;1;1;1;0;88.7;2;1;1.51;24;2.693;0.990655814
682;49;0;1;1;0;84.9;1;1;1.824;24;3.072;1.122328815
683;49;1;1;1;0;89.5;0;1;2.333;24;5.209;1.650387899
684;28;0;0;0;1;11.9;1;1;120;6;143;4.96284463
685;72;1;1;1;0;65.5;0;1;1.958;24;1.931;0.658038003
686;26;0;0;0;1;17.6;2;1;103;18;163;5.093750201
687;47;0;1;1;1;82.4;2;1;660;18;657;6.487684018
688;50;0;0;0;1;40.4;1;1;462;24;630;6.445719819
689;33;1;1;1;1;70;0;1;1.162;24;1.974;0.680061941
690;27;0;1;0;1;44.7;1;1;920;6;502;6.21860012
691;46;0;1;0;1;47.9;1;1;722;24;662;6.495265556
692;30;0;0;1;1;63.2;0;1;1.355;24;1.512;0.413433278
693;49;1;1;1;0;86.1;1;0;0;12;1.255;0.227135573
694;71;0;1;0;1;14.6;0;1;404;24;468;6.148468296
695;46;1;1;0;1;62.9;0;0;0;24;2.561;0.940397807
696;22;1;1;0;1;23.2;0;0;0;24;534;6.280395839
697;47;0;1;0;0;52.6;2;1;714;12;1.307;0.267734435
698;37;1;0;0;1;53.9;1;1;727;6;735;6.599870499
699;36;1;1;1;1;100.1;2;0;0;6;1.597;0.468126869
700;52;1;0;0;0;50;1;0;0;6;1.079;0.076034686
701;68;0;0;1;1;97;0;0;0;24;2.599;0.955126756
702;56;0;1;1;1;35;0;1;935;6;473;6.159095388
703;29;1;1;0;0;39.6;0;0;0;12;1.085;0.081579987
704;69;0;0;1;1;46.9;0;1;780;6;703;6.555356892
705;74;1;0;1;1;81.8;0;1;1.703;6;919;6.823286122
706;34;1;1;1;1;99.2;3;0;0;12;2.796;1.028189824
707;51;0;0;1;0;75.8;1;1;1.887;12;1.83;0.604315967
708;29;0;0;0;1;14.5;1;1;19;6;183;5.209486153
709;26;0;0;0;0;19.7;2;1;396;6;330;5.799092654
710;45;1;0;0;1;43.2;0;0;0;24;917;6.821107472
711;21;1;0;0;1;14.4;0;0;0;24;615;6.421622268
712;23;1;0;1;0;43.5;1;1;1.218;12;808;6.694562059
713;43;1;1;0;1;55.5;3;1;184;18;427;6.056784013
714;31;0;1;1;1;108.1;1;1;2.219;12;1.133;0.124868982
715;41;0;0;0;1;33.2;1;0;0;6;320;5.768320996
716;31;1;1;1;0;98.9;0;0;0;18;3.126;1.139754232
717;65;0;1;1;0;81.4;0;1;2.354;24;3.001;1.098945566
718;29;0;0;0;1;20.1;1;1;2;12;271;5.602118821
719;21;0;0;0;1;12;0;1;12;6;140;4.941642423
720;51;1;0;1;1;79.5;0;1;910;18;1.763;0.567016903
721;28;0;1;0;0;27.9;1;0;0;12;576;6.356107661
722;47;1;0;1;0;70.5;1;0;0;24;2.145;0.763139552
723;21;1;0;0;1;21.2;0;0;0;12;417;6.033086222
724;74;0;1;0;0;42.6;0;1;1.311;24;1.79;0.58221562
725;40;1;1;1;1;118.5;1;1;1.45;24;3.063;1.119394828
726;21;0;1;0;1;15.6;1;1;111;6;136;4.912654886
727;23;0;1;0;1;27.2;2;1;73;18;446;6.100318952
728;24;1;0;0;1;26.1;1;0;0;6;494;6.202535517
729;38;1;1;0;1;55.9;0;1;815;12;964;6.871091295
730;26;1;0;1;1;27.4;1;1;56;6;278;5.627621114
731;52;1;0;0;0;59;0;1;1.87;24;3.044;1.11317244
732;29;0;0;1;1;37.1;2;1;48;24;653;6.481577129
733;62;1;1;0;0;62;0;1;1.613;24;3.293;1.191799003
734;24;0;1;1;0;68;0;1;1.901;24;3.688;1.305084306
735;26;1;0;0;1;15;3;1;32;6;38;3.63758616
736;55;0;0;1;0;45.4;3;1;781;24;1.203;0.184818437
737;68;1;1;1;1;56.6;0;0;0;24;1.607;0.474369087
738;59;0;1;0;0;16.3;0;1;482;6;317;5.758901774
739;42;0;0;0;0;45.6;0;1;2.009;12;1.322;0.279145741
740;21;1;0;0;1;14.2;0;1;123;6;250;5.521460918
741;36;0;1;1;1;72.2;2;1;851;18;715;6.572282543
742;45;1;1;1;1;126.5;2;1;1.875;18;2;0.693147181
743;49;1;1;0;0;70.2;0;1;2.095;12;1.702;0.53180403
744;26;0;0;0;1;13.5;0;1;293;18;296;5.690359454
745;34;1;0;1;1;118.8;0;1;2.348;12;2.631;0.967364002
746;32;0;0;0;0;39;3;1;508;6;292;5.676753802
747;32;1;1;1;1;140.7;3;1;2.059;12;1.001;0.0009995
748;21;1;0;1;0;51.6;0;0;0;12;1.082;0.07881118
749;58;0;0;1;1;39.7;0;1;480;12;573;6.350885717
750;72;0;1;1;1;90.5;0;1;2.093;6;863;6.760414691