fecha;inflación
Ago-37;0.006309148
set-37;-0.006269592
Oct-37;0.006309148
Nov-37;0.003134796
Dic-37;0.003125
Ene-38;0.003115265
Feb-38;-0.037267081
Mar-38;-0.003225806
Abr-38;0
May-38;0.025889968
Jun-38;0.006309148
Jul-38;0.015673981
Ago-38;0.00308642
set-38;0
Oct-38;-0.006153846
Nov-38;0.00619195
Dic-38;-0.006153846
Ene-39;0.027863777
Feb-39;-0.009036145
Mar-39;-0.009118541
Abr-39;0.042944785
May-39;0
Jun-39;-0.011764706
Jul-39;-0.00297619
Ago-39;-0.002985075
set-39;0.011976048
Oct-39;0.00591716
Nov-39;0.008823529
Dic-39;0.034985423
Ene-40;-0.014084507
Feb-40;0
Mar-40;0.005714286
Abr-40;-0.005681818
May-40;-0.011428571
Jun-40;0.023121387
Jul-40;0
Ago-40;0
set-40;-0.002824859
Oct-40;0
Nov-40;0.002832861
Dic-40;0.005649718
Ene-41;0
Feb-41;-0.008426966
Mar-41;0
Abr-41;0.002832861
May-41;0
Jun-41;0.005649718
Jul-41;-0.019662921
Ago-41;0.00286533
set-41;0.005714286
Oct-41;0
Nov-41;0.002840909
Dic-41;0.005665722
Ene-42;-0.002816901
Feb-42;0.028248588
Mar-42;0.002747253
Abr-42;0
May-42;0.010958904
Jun-42;-0.005420054
Jul-42;0.005449591
Ago-42;-0.016260163
set-42;0
Oct-42;0.002754821
Nov-42;0
Dic-42;0.008241758
Ene-43;0.019073569
Feb-43;0.016042781
Mar-43;0.028947368
Abr-43;0.007672634
May-43;-0.012690355
Jun-43;-0.01285347
Jul-43;0
Ago-43;0
set-43;0.036458333
Oct-43;0.027638191
Nov-43;-0.034229829
Dic-43;-0.027848101
Ene-44;0
Feb-44;-0.0078125
Mar-44;0.015748031
Abr-44;0.007751938
May-44;0.033333333
Jun-44;0.00248139
Jul-44;0
Ago-44;0.012376238
set-44;0.012224939
Oct-44;0.007246377
Nov-44;-0.004796163
Dic-44;-0.004819277
Ene-45;0.016949153
Feb-45;0.035714286
Mar-45;0.011494253
Abr-45;-0.002272727
May-45;0.006833713
Jun-45;0.018099548
Jul-45;0.024444444
Ago-45;0.056399132
set-45;-0.039014374
Oct-45;0.002136752
Nov-45;0.008528785
Dic-45;-0.010570825
Ene-46;0.021367521
Feb-46;0.008368201
Mar-46;0.012448133
Abr-46;-0.006147541
May-46;0.024742268
Jun-46;0.014084507
Jul-46;0.011904762
Ago-46;0
set-46;-0.003921569
Oct-46;0.001968504
Nov-46;0.003929273
Dic-46;0.037181996
Ene-47;0.01509434
Feb-47;0.027881041
Mar-47;0.005424955
Abr-47;0.041366906
May-47;0.006908463
Jun-47;0.006861063
Jul-47;0.005110733
Ago-47;0.015254237
set-47;-0.023372287
Oct-47;0
Nov-47;0
Dic-47;0.001709402
Ene-48;0.006825939
Feb-48;-0.011864407
Mar-48;0
Abr-48;-0.006861063
May-48;0
Jun-48;-0.006908463
Jul-48;0.020869565
Ago-48;0
set-48;0.008517888
Oct-48;-0.001689189
Nov-48;0.013536379
Dic-48;0.003338898
Ene-49;0.038269551
Feb-49;0.012820513
Mar-49;0.004746835
Abr-49;-0.011023622
May-49;-0.00477707
Jun-49;0.0144
Jul-49;0.001577287
Ago-49;-0.012598425
set-49;-0.063795853
Oct-49;0.008517888
Nov-49;-0.006756757
Dic-49;0.003401361
Ene-50;-0.011864407
Feb-50;0.006861063
Mar-50;0.005110733
Abr-50;0.010169492
May-50;-0.021812081
Jun-50;0.010291595
Jul-50;0.001697793
Ago-50;-0.006779661
set-50;-0.006825939
Oct-50;0.013745704
Nov-50;0.022033898
Dic-50;0
Ene-51;0.029850746
Feb-51;0
Mar-51;-0.003220612
Abr-51;0.084006462
May-51;0.001490313
Jun-51;0.007440476
Jul-51;0
Ago-51;0.013293944
set-51;0.027696793
Oct-51;0.009929078
Nov-51;0.019662921
Dic-51;0.004132231
Ene-52;-0.002743484
Feb-52;0.023383769
Mar-52;0.014784946
Abr-52;0.005298013
May-52;-0.001317523
Jun-52;0.009234828
Jul-52;0.014379085
Ago-52;-0.003865979
set-52;0.020698577
Oct-52;0
Nov-52;0.012674271
Dic-52;0.012515645
Ene-53;-0.001236094
Feb-53;-0.013613861
Mar-53;0.003764115
Abr-53;0.00375
May-53;0.01369863
Jun-53;-0.00982801
Jul-53;0.006203474
Ago-53;0.002466091
set-53;0.035670357
Oct-53;0.002375297
Nov-53;0.003554502
Dic-53;0.043683589
Ene-54;-0.011312217
Feb-54;0.00228833
Mar-54;0.003424658
Abr-54;0.019340159
May-54;0.012276786
Jun-54;0.036383682
Jul-54;-0.015957447
Ago-54;-0.011891892
set-54;0.037199125
Oct-54;0.009493671
Nov-54;0.004179728
Dic-54;-0.006243496
Ene-55;0.015706806
Feb-55;-0.001030928
Mar-55;0.00619195
Abr-55;0.001025641
May-55;0.005122951
Jun-55;0.001019368
Jul-55;0.026476578
Ago-55;0.01984127
set-55;-0.023346304
Oct-55;0.016932271
Nov-55;0.007835455
Dic-55;0.02526725
Ene-56;0.005687204
Feb-56;-0.004712535
Mar-56;-0.014204545
Abr-56;-0.010566763
May-56;0.041747573
Jun-56;-0.011183597
Jul-56;0.004712535
Ago-56;-0.009380863
set-56;-0.001893939
Oct-56;0.040796964
Nov-56;0.002734731
Dic-56;0.016363636
Ene-57;0.017352415
Feb-57;0.010198699
Mar-57;-0.010443864
Abr-57;-0.005277045
May-57;0.01061008
Jun-57;0.098862642
Jul-57;0.017515924
Ago-57;-0.012519562
set-57;0.008716323
Oct-57;0.003142184
Nov-57;0.035238841
Dic-57;0.002269289
Ene-58;0.015849057
Feb-58;0
Mar-58;0.015601783
Abr-58;0.029992685
May-58;0.000710227
Jun-58;0.001419446
Jul-58;0.017717931
Ago-58;-0.004178273
set-58;0.034265734
Oct-58;0.011494253
Nov-58;0.034090909
Dic-58;0.023917259
Ene-59;0.04229798
Feb-59;0.056935191
Mar-59;0.040114613
Abr-59;0
May-59;0.049586777
Jun-59;0.059317585
Jul-59;0.027254708
Ago-59;0.03617945
set-59;0.017225326
Oct-59;-0.001830664
Nov-59;0.004585053
Dic-59;0.073938841
Ene-60;0.027624309
Feb-60;0.043424318
Mar-60;-0.020610384
Abr-60;0.021044112
May-60;0.022592152
Jun-60;0.043023256
Jul-60;0.021924935
Ago-60;0.071636364
set-60;0.049202579
Oct-60;0.022962484
Nov-60;-0.055011065
Dic-60;0.072934092
Ene-61;0.045213595
Feb-61;-0.003878282
Mar-61;-0.022162324
Abr-61;-0.011332312
May-61;0.049566295
Jun-61;0.004132231
Jul-61;0.012051734
Ago-61;0.005227999
set-61;0.011557353
Oct-61;-0.002856327
Nov-61;0.00973933
Dic-61;0.003404255
Ene-62;0.025728018
Feb-62;0.003583241
Mar-62;0.001647899
Abr-62;0.000548396
May-62;0.006029049
Jun-62;0.012803051
Jul-62;0.025551372
Ago-62;0.009179124
set-62;0.011174636
Oct-62;0.025443331
Nov-62;-0.004761905
Dic-62;-0.009569378
Ene-63;-0.007882024
Feb-63;-0.022808816
Mar-63;0.058746394
Abr-63;0.049541739
May-63;-0.001888128
Jun-63;0.048238354
Jul-63;0.040830138
Ago-63;0.020806242
set-63;0.040127389
Oct-63;0.061849357
Nov-63;0.018646674
Dic-63;0.066050198
Ene-64;0.002655337
Feb-64;0.02789548
Mar-64;0.03761594
Abr-64;0.005131601
May-64;0.006422925
Jun-64;0.046146294
Jul-64;0.021742531
Ago-64;0.03413962
set-64;0.032420429
Oct-64;0.015486091
Nov-64;0.027110986
Dic-64;0.051690954
Ene-65;0.033202614
Feb-65;0.034665992
Mar-65;0.045487894
Abr-65;0.023391813
May-65;0.0224
Jun-65;0.070534317
Jul-65;0.03132505
Ago-65;0.063480814
set-65;0.084634425
Oct-65;0.041165628
Nov-65;0.076884168
Dic-65;0.125880695
Ene-66;0.030524266
Feb-66;0.023615141
Mar-66;0.025641026
Abr-66;0.046722365
May-66;0.014858476
Jun-66;0.078286648
Jul-66;0.011726421
Ago-66;0.026452972
set-66;0.02641958
Oct-66;0.032424466
Nov-66;0.020393596
Dic-66;0.073448586
Ene-67;0.054645317
Feb-67;0.11174861
Mar-67;0.052719333
Abr-67;0.024662493
May-67;0.007507729
Jun-67;0.071412916
Jul-67;0.158876274
Ago-67;0.064193463
set-67;0.089154895
Oct-67;0.050687852
Nov-67;0.038579539
Dic-67;0.178847227
Ene-68;0.159764014
Feb-68;0.066249277
Mar-68;0.048075696
Abr-68;0.036446677
May-68;0.073370643
Jun-68;0.135355941
Jul-68;0.005894052
Ago-68;-0.016835622
set-68;-0.010359663
Oct-68;0.020431286
Nov-68;-0.001436192
Dic-68;0.018794039
Ene-69;0.012005599
Feb-69;0.010644034
Mar-69;0.021469831
Abr-69;0.027139045
May-69;-0.002642198
Jun-69;0.007459874
Jul-69;0.01520536
Ago-69;0.008052367
set-69;0.003644613
Oct-69;0.021766842
Nov-69;0.004120145
Dic-69;0.007914135
Ene-70;0.027544129
Feb-70;0.012299007
Mar-70;0.016401932
Abr-70;0.012629578
May-70;0.017309944
Jun-70;0.007941792
Jul-70;0.01017221
Ago-70;0.004166161
set-70;0.01292105
Oct-70;0.008761296
Nov-70;0.015240072
Dic-70;0.046827361
Ene-71;0.005276774
Feb-71;0.02515466
Mar-71;0.010398484
Abr-71;0.007979795
May-71;0.016331094
Jun-71;0.028403251
Jul-71;0.021606216
Ago-71;0.014239636
set-71;0.023286484
Oct-71;0.066575837
Nov-71;0.011054721
Dic-71;0.081501919
Ene-72;0.045295529
Feb-72;0.05335492
Mar-72;0.077974364
Abr-72;0.11246482
May-72;0.031602104
Jun-72;0.025529883
Jul-72;0.054973668
Ago-72;0.047194227
set-72;0.01503744
Oct-72;0.13356983
Nov-72;0.084317512
Dic-72;0.011245978
Ene-73;0.203465029
Feb-73;0.020534988
Mar-73;0.019461623
Abr-73;0.022
May-73;0.028375734
Jun-73;0.036156042
Jul-73;0.153351699
Ago-73;0.038216561
set-73;0.036042945
Oct-73;0.049592894
Nov-73;-0.010578279
Dic-73;0.010691376
Ene-74;0.167842031
Feb-74;0.025362319
Mar-74;0.030035336
Abr-74;0.026872499
May-74;0.026726058
Jun-74;0.037418655
Jul-74;0.075274438
Ago-74;0.03889159
set-74;0.075339261
Oct-74;0.070496084
Nov-74;0.103252033
Dic-74;0.082535004
Ene-75;0.021102791
Feb-75;0.080666667
Mar-75;0.041024059
Abr-75;0.034962963
May-75;0.036072144
Jun-75;0.019618679
Jul-75;0.024119241
Ago-75;0.031489812
set-75;0.059517701
Oct-75;0.039951574
Nov-75;0.024447031
Dic-75;0.114090909
Ene-76;0.00877193
Feb-76;0.005460061
Mar-76;0.017699115
Abr-76;0.020158103
May-76;0.022859357
Jun-76;0.011931818
Jul-76;0.077110238
Ago-76;0.056646394
set-76;0.045222825
Oct-76;0.032252989
Nov-76;0.012650511
Dic-76;0.032661048
Ene-77;0.04751494
Feb-77;0.063865312
Mar-77;0.032173686
Abr-77;0.035478966
May-77;0.037322565
Jun-77;0.044591247
Jul-77;0.050931677
Ago-77;0.032882012
set-77;0.054307116
Oct-77;0.034339846
Nov-77;0.014405648
Dic-77;0.0148594
Ene-78;0.011769067
Feb-78;0.027202784
Mar-78;0.026928221
Abr-78;0.052531041
May-78;0.027553209
Jun-78;0.028821452
Jul-78;0.033554428
Ago-78;0.034956587
set-78;0.040560257
Oct-78;0.037507011
Nov-78;0.014460437
Dic-78;0.049490442
Ene-79;0.056105611
Feb-79;0.047415865
Mar-79;0.025876413
Abr-79;0.045525727
May-79;0.071520274
Jun-79;0.041984923
Jul-79;0.033968954
Ago-79;0.095825031
set-79;0.045963889
Oct-79;0.034039457
Nov-79;0.070451169
Dic-79;0.053871439
Ene-80;0.036492809
Feb-80;0.043968169
Mar-80;0.019697018
Abr-80;0.02566116
May-80;0.034696065
Jun-80;0.036314668
Jul-80;0.056175925
Ago-80;0.025823374
set-80;0.020744919
Oct-80;0.041137279
Nov-80;0.013914726
Dic-80;0.008146191
Ene-81;0.021814564
Feb-81;0.025433389
Mar-81;0.022810959
Abr-81;0.019630485
May-81;0.019452402
Jun-81;0.028077283
Jul-81;0.030785203
Ago-81;0.034428891
set-81;0.021380598
Oct-81;0.020368857
Nov-81;0.016168087
Dic-81;0.000262679
Ene-82;0.010560672
Feb-82;0.005252998
Mar-82;-0.002714331
Abr-82;0.016774671
May-82;0.009214072
Jun-82;0.012792754
Jul-82;0.027560528
Ago-82;0.015031728
set-82;0.007378939
Oct-82;0.008935687
Nov-82;-0.005865152
Dic-82;0.086247993
Ene-83;0.154177755
Feb-83;0.027857181
Mar-83;0.012370458
Abr-83;0.039767794
May-83;0.007739089
Jun-83;0.021752841
Jul-83;0.023177846
Ago-83;0.031465512
set-83;0.04919894
Oct-83;0.052171347
Nov-83;0.000384376
Dic-83;0.010997227
Ene-84;0.072127039
Feb-84;0.040468298
Mar-84;0.022752804
Abr-84;0.045429582
May-84;0.045151956
Jun-84;0.06338063
Jul-84;0.061284424
Ago-84;0.0399743
set-84;0.030174532
Oct-84;0.055310217
Nov-84;0.018281972
Dic-84;0.025684443
Ene-85;0.048635714
Feb-85;0.032370474
Mar-85;0.065138301
Abr-85;0.09996032
May-85;0.04131893
Jun-85;0.02991028
Jul-85;0.068398743
Ago-85;0.037672996
set-85;0.034976876
Oct-85;0.040354943
Nov-85;0.066449117
Dic-85;0.056931586
Ene-86;0.0565
Feb-86;0.036535731
Mar-86;0.053785042
Abr-86;0.048700173
May-86;0.023962981
Jun-86;0.048579729
Jul-86;0.062952132
Ago-86;0.043006082
set-86;0.044842427
Oct-86;0.051886792
Nov-86;0.045348323
Dic-86;0.031055525
Ene-87;0.039437445
Feb-87;0.033712933
Mar-87;0.069862565
Abr-87;0.025386145
May-87;0.020780512
Jun-87;0.044611114
Jul-87;0.064292042
Ago-87;0.033511477
set-87;0.025049803
Oct-87;0.048048296
Nov-87;0.044109524
Dic-87;0.014245768
Ene-88;0.037591744
Feb-88;0.037630162
Mar-88;0.047581147
Abr-88;0.048723285
May-88;0.023308555
Jun-88;0.050357055
Jul-88;0.084515297
Ago-88;0.033479248
set-88;0.042042513
Oct-88;0.071107766
Nov-88;0.044320551
Dic-88;0.017541105
Ene-89;0.040914402
Feb-89;0.063745526
Mar-89;0.069660953
Abr-89;0.052486599
May-89;0.029284855
Jun-89;0.076042884
Jul-89;0.058630049
Ago-89;0.044267141
set-89;0.048947817
Oct-89;0.072949082
Nov-89;0.040731995
Dic-89;0.058176527
Ene-90;0.050678195
Feb-90;0.068552099
Mar-90;0.089728686
Abr-90;0.070129821
May-90;0.056019367
Jun-90;0.095854966
Jul-90;0.056421655
Ago-90;0.055672445
set-90;0.146609749
Oct-90;0.064704715
Nov-90;0.052812943
Dic-90;0.054252294
Ene-91;0.072271619
Feb-91;0.035010276
Mar-91;0.049959414
Abr-91;0.038492953
May-91;0.087132619
Jun-91;0.04292772
Jul-91;0.043557128
Ago-91;0.062846804
set-91;0.064933328
Oct-91;0.037240825
Nov-91;0.046912848
Dic-91;0.031101959
Ene-92;0.05221306
Feb-92;0.024164634
Mar-92;0.06531494
Abr-92;0.041192883
May-92;0.046509008
Jun-92;0.026862553
Jul-92;0.045017622
Ago-92;0.043483712
set-92;0.04172574
Oct-92;0.036878841
Nov-92;0.016942837
Dic-92;0.032807028
Ene-93;0.040018569
Feb-93;0.034889148
Mar-93;0.035866218
Abr-93;0.041273772
May-93;0.047071184
Jun-93;0.040051404
Jul-93;0.030155798
Ago-93;0.040046297
set-93;0.036911938
Oct-93;0.021827904
Nov-93;0.027353835
Dic-93;0.036748351
Ene-94;0.03405783
Feb-94;0.014291106
Mar-94;0.028298397
Abr-94;0.035239994
May-94;0.027594295
Jun-94;0.028094213
Jul-94;0.031622968
Ago-94;0.031314051
set-94;0.034172463
Oct-94;0.034992616
Nov-94;0.039356629
Dic-94;0.032214177
Ene-95;0.032235216
Feb-95;0.017084072
Mar-95;0.035908218
Abr-95;0.035318473
May-95;0.022194248
Jun-95;0.030353723
Jul-95;0.025005659
Ago-95;0.034126856
set-95;0.019061757
Oct-95;0.015125538
Nov-95;0.019495544
Dic-95;0.021588021
Ene-96;0.020260972
Feb-96;0.014980798
Mar-96;0.019173595
Abr-96;0.02845448
May-96;0.020946227
Jun-96;0.012906753
Jul-96;0.016679457
Ago-96;0.021492003
set-96;0.024977581
Oct-96;0.015794037
Nov-96;0.012031074
Dic-96;0.012263252
Ene-97;0.019801453
Feb-97;0.016356239
Mar-97;0.012760658
Abr-97;0.0142
May-97;0.013409584
Jun-97;0.013037556
Jul-97;0.013349981
Ago-97;0.007676997
set-97;0.007994733
Oct-97;0.007744705
Nov-97;0.008425926
Dic-97;0.007345515
Ene-98;0.013945857
Feb-98;0.005843222
Mar-98;0.003932434
Abr-98;0.006053592
May-98;0.005663216
Jun-98;0.00950286
Jul-98;0.01272553
Ago-98;0.007831999
set-98;0.006575576
Oct-98;0.006956817
Nov-98;0.003201618
Dic-98;0.000923826
Ene-99;0.006544722
Feb-99;0.001750584
Mar-99;0.002163602
Abr-99;0.008635722
May-99;0.001564172
Jun-99;0.00065757
Jul-99;0.003860687
Ago-99;0.003682186
set-99;0.000244579
Oct-99;0.003260249
Nov-99;0
Dic-99;0.008611585
Ene-00;0.003785743
Feb-00;0.003370246
Mar-00;0.006158029
Abr-00;0.004371672
May-00;0.00459006
Jun-00;0.004962975
Jul-00;0.00376264
Ago-00;0.005232331
set-00;0.0038844
Oct-00;0.006887479
Nov-00;0.000461148
Dic-00;0.001920565
Ene-01;0.00329704
Feb-01;0.002904089
Mar-01;0.003733902
Abr-01;0.008123292
May-01;0.006325778
Jun-01;-0.004415176
Jul-01;0.008794348
Ago-01;-0.002831384
set-01;0.003063588
Oct-01;0.002681764
Nov-01;0.000817236
Dic-01;0.002895108
Ene-02;0.008734271
Feb-02;0.006677429
Mar-02;0.008819885
Abr-02;0.016112717
May-02;0.011875133
Jun-02;0.017709065
Jul-02;0.04861207
Ago-02;0.058277361
set-02;0.031174165
Oct-02;0.009654839
Nov-02;0.004303132
Dic-02;0.012556534
Ene-03;0.018689392
Feb-03;0.013557953
Mar-03;0.012408925
Abr-03;0.009501855
May-03;0.003731551
Jun-03;0.001609144
Jul-03;0.004985873
Ago-03;0.011631112
set-03;0.008010026
Oct-03;0.005243527
Nov-03;0.00161325
Dic-03;0.006549984
Ene-04;0.021868999
Feb-04;0.000156593
Mar-04;0.006001774
Abr-04;0.01234696
May-04;0.010402788
Jun-04;0.003296648
Jul-04;0.010110201
Ago-04;0.01181063
set-04;0.002720348
Oct-04;-0.003304888
Nov-04;-0.002622983
Dic-04;0.000893167
Ene-05;0.003767785
Feb-05;-4.94E-05
Mar-05;0.004297145
Abr-05;0.010278857
May-05;0.000194723
Jun-05;0.00267692
Jul-05;0.012863453
Ago-05;0.002108694
set-05;0.007795313
Oct-05;0.00313197
Nov-05;-0.001182648
Dic-05;0.002178649
Ene-06;0.013657845
Feb-06;0.006666977
Mar-06;0.003195628
Abr-06;0.005216749
May-06;0.006291908
Jun-06;0.003194742
Jul-06;0.008507347
Ago-06;0.007894262
set-06;0.00537081
Oct-06;-0.002003294
Nov-06;0.000356856
Dic-06;0.003745652
Ene-07;0.017725455
Feb-07;0.006111135
Mar-07;0.008980867
Abr-07;0.012211902
May-07;0.007604078
Jun-07;0.001349129
Jul-07;0.008252284
Ago-07;0.017288178
set-07;0.004145971
Oct-07;-0.002289265
Nov-07;-0.002294518
Dic-07;0.003039014
Ene-08;0.007779234
Feb-08;0.009141139
Mar-08;0.011433633
Abr-08;0.003303746
May-08;0.008728081
Jun-08;0.012821521
Jul-08;0.004465673
Ago-08;0.010167395
set-08;0.006008419
Oct-08;0.003309621
Nov-08;0.001864336
Dic-08;0.009303577
Ene-09;0.007911808
Feb-09;-0.002678571
Mar-09;0.007684273
Abr-09;-0.000407196
May-09;0.004073621
Jun-09;0.011359864
Jul-09;0.009882936
Ago-09;0.012314026
set-09;0.002318696
Oct-09;-0.000106769
Nov-09;0.000569496
Dic-09;0.004695671
Ene-10;0.009347449
Feb-10;0.005577577
Mar-10;0.009488593
Abr-10;0.001762389
May-10;0.001586809
Jun-10;0.002824178
Jul-10;0.010852766
Ago-10;0.011959365
set-10;0.002988081
Oct-10;0.006426993
Nov-10;-0.000764984
Dic-10;0.005259129
Ene-11;0.0125
Feb-11;0.009382716
Mar-11;0.014187867
Abr-11;0.003376749
May-11;0.003269231
Jun-11;0.003546099
Jul-11;0.007544647
Ago-11;0.005592417
set-11;0.005090018
Oct-11;0.00712745
Nov-11;0.004190334
Dic-11;0.007047478
Ene-12;0.007366483
Feb-12;0.008318099
Mar-12;0.009881244
Abr-12;0.008168761
May-12;0.003917728
Jun-12;0.003015521
Jul-12;0.002652754
Ago-12;0.009348267
set-12;0.012145042
Oct-12;0.011481354
Nov-12;0.003499189
Dic-12;-0.007314169
Ene-13;0.019019877
Feb-13;0.009920969
Mar-13;0.006576757
Abr-13;0.004466132
May-13;0.003211198
Jun-13;0.004349967
Jul-13;0.007681621
Ago-13;0.010380342
set-13;0.013644755
Oct-13;0.008235015
Nov-13;0.002041938
Dic-13;-0.007210596
Ene-14;0.024394095
Feb-14;0.016569051
Mar-14;0.005837313
Abr-14;-0.000602954
May-14;0.003167421
Jun-14;0.003458127
Jul-14;0.007491759
Ago-14;0.00751041
set-14;0.010037641
Oct-14;0.005918889
Nov-14;0.001452855
Dic-14;-0.005295227
Ene-15;0.022168745
Feb-15;0.010986659
Mar-15;0.006986098
Abr-15;0.005676244
May-15;0.004877709
Jun-15;0.004507316
Jul-15;0.01208063
Ago-15;0.011800014
set-15;0.006876095
Oct-15;0.00602571
Nov-15;0.004259284
Dic-15;-0.005500331
Ene-16;0.024455254
Feb-16;0.016001041
Mar-16;0.010371319
Abr-16;0.004562159
May-16;0.009650561
Jun-16;0.003998251
Jul-16;0.003920105
Ago-16;0.005702244
set-16;0.002465179
Oct-16;0.001844338
Nov-16;0.000981836
Dic-16;-0.005456106
Ene-17;0.026012451
Feb-17;0.004986482
Mar-17;0.006755141
Abr-17;0.002197019
May-17;0.001303472
Jun-17;0.00147929
Jul-17;0.003190547
Ago-17;0.007715413
set-17;0.005376973
Oct-17;0.004592489
Nov-17;0.003356287
Dic-17;-0.003056693
Ene-18;0.027131783
Feb-18;0.008786257
Mar-18;0.002791581
Abr-18;0.000668114
May-18;0.008123296
Jun-18;0.009879132
Jul-18;0.005956935
Ago-18;0.006736568
set-18;0.004964654
Oct-18;0.002308973
Nov-18;0.003642987
Dic-18;-0.00384328
Ene-19;0.021701854
Feb-19;0.009755074
Mar-19;0.005505635
Abr-19;0.004287412
May-19;0.003960498
Jun-19;0.006404017
Jul-19;0.007635919
Ago-19;0.008841063
set-19;0.005157995
Oct-19;0.007522917
Nov-19;0.004203135
Dic-19;-0.00029545
Ene-20;0.020933898
Feb-20;0.006127274
Mar-20;0.013330776
Abr-20;0.019969714
May-20;0.005660202
Jun-20;0.000184536
Jul-20;0.00548893
Ago-20;0.005734208
set-20;0.006385696
Oct-20;0.005801305
Nov-20;0.002838861
Dic-20;-0.001887216
Ene-21;0.016026651
Feb-21;0.008241393
Mar-21;0.006152494
Abr-21;0.005022931
May-21;0.004563233
Jun-21;0.00666234
Jul-21;0.005200052
Ago-21;0.008507909
set-21;0.004620798
Oct-21;0.010380623
Nov-21;0.002547611
Dic-21;-0.000999792
Ene-22;0.017847463
Feb-22;0.01470769
Mar-22;0.011062661
Abr-22;0.004911748
May-22;0.004649315
Jun-22;0.005853967
Jul-22;0.007707432
Ago-22;0.008272848
set-22;0.008398483
Oct-22;0.002110919
Nov-22;-0.00280021
Dic-22;-0.002553296
Ene-23;0.015535491
Feb-23;0.010033059
Mar-23;0.009012279
Abr-23;0.007480126
May-23;-0.000100203
Jun-23;-0.004633785
Jul-23;-0.003617302
Ago-23;0.001719344
set-23;0.006104922
Oct-23;0.006257587
Nov-23;0.003431562
Dic-23;-0.001053038
Ene-24;0.015288836
Feb-24;0.006425724
Mar-24;0.00020301
Abr-24;0.0062851
May-24;0.003980433
Jun-24;0.003562006
Jul-24;0.00106516
Ago-24;0.002857929
set-24;0.003747128
Oct-24;0.003259124
Nov-24;0.00360538
Dic-24;0.003374358
Ene-25;0.011032182
Feb-25;0.006913455
Mar-25;0.00567858
Abr-25;0.003243164
May-25;0.001078537
Jun-25;-0.000881731
Jul-25;0.000541245
Ago-25;-0.000336441
set-25;0.004239811
Oct-25;0.003971563
Nov-25;0.001408588
Dic-25;-0.000934887
Ene-26;0.009176406
Feb-26;0.003497166
Mar-26;0.004070837
Abr-26;0.005370897
May-26;0.007042644
Jun-26;0.003732451
Jul-26;0.000656598
